{"id": "geo_country_regions", "texto": "ISOCode2 CountryName M49Code M49 Level-3 Intermediate Region M49Code M49 Level-2 Sub-region M49Code M49 Level-1  Region\nAF Afghanistan 34Southern Asia 142 Asia\nAX Åland Islands 154 Northern Europe 150 Europe\nAL Albania 39Southern Europe 150 Europe\nDZ Algeria 15Northern Africa 2Africa\nAS American Samoa 61Polynesia 9Oceania\nAD Andorra 39Southern Europe 150 Europe\nAO Angola 17Middle Africa 202 Sub-Saharan Africa 2Africa\nAI Anguilla 29Caribbean 419 Latin America and the Caribbean 19Americas\nAG Antigua and Barbuda 29Caribbean 419 Latin America and the Caribbean 19Americas\nAR Argentina 5South America 419 Latin America and the Caribbean 19Americas\nAM Armenia 145 Western Asia 142 Asia\nAW Aruba 29Caribbean 419 Latin America and the Caribbean 19Americas\nAU Australia 53Australia and New Zealand 9Oceania\nAT Austria 155 Western Europe 150 Europe\nAZ Azerbaijan 145 Western Asia 142 Asia\nBS Bahamas 29Caribbean 419 Latin America and the Caribbean 19Americas\nBH Bahrain 145 Western Asia 142 Asia\nBD Bangladesh 34Southern Asia 142 Asia\nBB Barbados 29Caribbean 419 Latin America and the Caribbean 19Americas\nBY Belarus 151 Eastern Europe 150 Europe\nBE Belgium 155 Western Europe 150 Europe\nBZ Belize 13Central America 419 Latin America and the Caribbean 19Americas\nBJ Benin 11Western Africa 202 Sub-Saharan Africa 2Africa\nBM Bermuda 21Northern America 19Americas\nBT Bhutan 34Southern Asia 142 Asia\nBO Bolivia (Plurinational State of) 5South America 419 Latin America and the Caribbean 19Americas\nBQ Bonaire, Sint Eustatius and Saba 29Caribbean 419 Latin America and the Caribbean 19Americas\nBA Bosnia and Herzegovina 39Southern Europe 150 Europe\nBW Botswana 18Southern Africa 202 Sub-Saharan Africa 2Africa\nBV Bouvet Island 5South America 419 Latin America and the Caribbean 19Americas\nBR Brazil 5South America 419 Latin America and the Caribbean 19Americas\nIO British Indian Ocean Territory 14Eastern Africa 202 Sub-Saharan Africa 2Africa\nVG British Virgin Islands 29Caribbean 419 Latin America and the Caribbean 19Americas\nBN Brunei Darussalam 35South-eastern Asia 142 Asia\nBG Bulgaria 151 Eastern Europe 150 Europe\nBF Burkina Faso 11Western Africa 202 Sub-Saharan Africa 2Africa\nBI Burundi 14Eastern Africa 202 Sub-Saharan Africa 2Africa\nCV Cabo Verde 11Western Africa 202 Sub-Saharan Africa 2Africa\nKH Cambodia 35South-eastern Asia 142 Asia\nCM Cameroon 17Middle Africa 202 Sub-Saharan Africa 2Africa\nCA Canada 21Northern America 19Americas\nKY Cayman Islands 29Caribbean 419 Latin America and the Caribbean 19Americas\nCF Central African Republic 17Middle Africa 202 Sub-Saharan Africa 2Africa\nTD Chad 17Middle Africa 202 Sub-Saharan Africa 2Africa\nCL Chile 5South America 419 Latin America and the Caribbean 19Americas\nCN China 30Eastern Asia 142 Asia\nHK China, Hong Kong Special Administrative Region 30Eastern Asia 142 Asia\nMO China, Macao Special Administrative Region 30Eastern Asia 142 Asia\nCX Christmas Island 53Australia and New Zealand 9Oceania\nCC Cocos (Keeling) Islands 53Australia and New Zealand 9Oceania\nCO Colombia 5South America 419 Latin America and the Caribbean 19Americas\nKM Comoros 14Eastern Africa 202 Sub-Saharan Africa 2Africa\nCG Congo 17Middle Africa 202 Sub-Saharan Africa 2Africa\nCK Cook Islands 61Polynesia 9Oceania\nCR Costa Rica 13Central America 419 Latin America and the Caribbean 19Americas\nCI Côte d’Ivoire 11Western Africa 202 Sub-Saharan Africa 2Africa\nHR Croatia 39Southern Europe 150 Europe\nCU Cuba 29Caribbean 419 Latin America and the Caribbean 19Americas\nCW Curaçao 29Caribbean 419 Latin America and the Caribbean 19Americas\nCY Cyprus 145 Western Asia 142 Asia\nCZ Czechia 151 Eastern Europe 150 Europe\nKP Democratic People's Republic of Korea 30Eastern Asia 142 AsiaISO ALPHA-2 code COUNTRY (SHORT UN OFFICIAL NAME)\nLevel-3 Level-2UN Geographical Regions\nLevel-1\nhttps://data.iom.int/codelist/country-regions.pdf\nUN(M49) Standard referred to as United Nations publication \"Standard Country or Area Codes for Statistical Use\". <https://unstats.un.org/unsd/methodology/m49/>\nISOCode2 CountryName M49Code M49 Level-3 Intermediate Region M49Code M49 Level-2 Sub-region M49Code M49 Level-1  RegionISO ALPHA-2 code COUNTRY (SHORT UN OFFICIAL NAME)\nLevel-3 Level-2UN Geographical Regions\nLevel-1\nCD Democratic Republic of the Congo 17Middle Africa 202 Sub-Saharan Africa 2Africa\nDK Denmark 154 Northern Europe 150 Europe\nDJ Djibouti 14Eastern Africa 202 Sub-Saharan Africa 2Africa\nDM Dominica 29Caribbean 419 Latin America and the Caribbean 19Americas\nDO Dominican Republic 29Caribbean 419 Latin America and the Caribbean 19Americas\nEC Ecuador 5South America 419 Latin America and the Caribbean 19Americas\nEG Egypt 15Northern Africa 2Africa\nSV El Salvador 13Central America 419 Latin America and the Caribbean 19Americas\nGQ Equatorial Guinea 17Middle Africa 202 Sub-Saharan Africa 2Africa\nER Eritrea 14Eastern Africa 202 Sub-Saharan Africa 2Africa\nEE Estonia 154 Northern Europe 150 Europe\nSZ Eswatini 18Southern Africa 202 Sub-Saharan Africa 2Africa\nET Ethiopia 14Eastern Africa 202 Sub-Saharan Africa 2Africa\nFK Falkland Islands (Malvinas) 5South America 419 Latin America and the Caribbean 19Americas\nFO Faroe Islands 154 Northern Europe 150 Europe\nFJ Fiji 54Melanesia 9Oceania\nFI Finland 154 Northern Europe 150 Europe\nFR France 155 Western Europe 150 Europe\nGF French Guiana 5South America 419 Latin America and the Caribbean 19Americas\nPF French Polynesia 61Polynesia 9Oceania\nTF French Southern Territories 14Eastern Africa 202 Sub-Saharan Africa 2Africa\nGA Gabon 17Middle Africa 202 Sub-Saharan Africa 2Africa\nGM Gambia 11Western Africa 202 Sub-Saharan Africa 2Africa\nGE Georgia 145 Western Asia 142 Asia\nDE Germany 155 Western Europe 150 Europe\nGH Ghana 11Western Africa 202 Sub-Saharan Africa 2Africa\nGI Gibraltar 39Southern Europe 150 Europe\nGR Greece 39Southern Europe 150 Europe\nGL Greenland 21Northern America 19Americas\nGD Grenada 29Caribbean 419 Latin America and the Caribbean 19Americas\nGP Guadeloupe 29Caribbean 419 Latin America and the Caribbean 19Americas\nGU Guam 57Micronesia 9Oceania\nGT Guatemala 13Central America 419 Latin America and the Caribbean 19Americas\nGG Guernsey 154 Northern Europe 150 Europe\nGN Guinea 11Western Africa 202 Sub-Saharan Africa 2Africa\nGW Guinea-Bissau 11Western Africa 202 Sub-Saharan Africa 2Africa\nGY Guyana 5South America 419 Latin America and the Caribbean 19Americas\nHT Haiti 29Caribbean 419 Latin America and the Caribbean 19Americas\nHM Heard Island and McDonald Islands 53Australia and New Zealand 9Oceania\nVA Holy See 39Southern Europe 150 Europe\nHN Honduras 13Central America 419 Latin America and the Caribbean 19Americas\nHU Hungary 151 Eastern Europe 150 Europe\nIS Iceland 154 Northern Europe 150 Europe\nIN India 34Southern Asia 142 Asia\nID Indonesia 35South-eastern Asia 142 Asia\nIR Iran (Islamic Republic of) 34Southern Asia 142 Asia\nIQ Iraq 145 Western Asia 142 Asia\nIE Ireland 154 Northern Europe 150 Europe\nIM Isle of Man 154 Northern Europe 150 Europe\nIL Israel 145 Western Asia 142 Asia\nIT Italy 39Southern Europe 150 Europe\nJM Jamaica 29Caribbean 419 Latin America and the Caribbean 19Americas\nJP Japan 30Eastern Asia 142 Asia\nJE Jersey 154 Northern Europe 150 Europe\nJO Jordan 145 Western Asia 142 Asia\nKZ Kazakhstan 143 Central Asia 142 Asia\nKE Kenya 14Eastern Africa 202 Sub-Saharan Africa 2Africa\nKI Kiribati 57Micronesia 9Oceania\nKW Kuwait 145 Western Asia 142 Asia\nKG Kyrgyzstan 143 Central Asia 142 Asia\nLA Lao People's Democratic Republic 35South-eastern Asia 142 Asia\nLV Latvia 154 Northern Europe 150 Europe\nhttps://data.iom.int/codelist/country-regions.pdf\nUN(M49) Standard referred to as United Nations publication \"Standard Country or Area Codes for Statistical Use\". <https://unstats.un.org/unsd/methodology/m49/>\nISOCode2 CountryName M49Code M49 Level-3 Intermediate Region M49Code M49 Level-2 Sub-region M49Code M49 Level-1  RegionISO ALPHA-2 code COUNTRY (SHORT UN OFFICIAL NAME)\nLevel-3 Level-2UN Geographical Regions\nLevel-1\nLB Lebanon 145 Western Asia 142 Asia\nLS Lesotho 18Southern Africa 202 Sub-Saharan Africa 2Africa\nLR Liberia 11Western Africa 202 Sub-Saharan Africa 2Africa\nLY Libya 15Northern Africa 2Africa\nLI Liechtenstein 155 Western Europe 150 Europe\nLT Lithuania 154 Northern Europe 150 Europe\nLU Luxembourg 155 Western Europe 150 Europe\nMG Madagascar 14Eastern Africa 202 Sub-Saharan Africa 2Africa\nMW Malawi 14Eastern Africa 202 Sub-Saharan Africa 2Africa\nMY Malaysia 35South-eastern Asia 142 Asia\nMV Maldives 34Southern Asia 142 Asia\nML Mali 11Western Africa 202 Sub-Saharan Africa 2Africa\nMT Malta 39Southern Europe 150 Europe\nMH Marshall Islands 57Micronesia 9Oceania\nMQ Martinique 29Caribbean 419 Latin America and the Caribbean 19Americas\nMR Mauritania 11Western Africa 202 Sub-Saharan Africa 2Africa\nMU Mauritius 14Eastern Africa 202 Sub-Saharan Africa 2Africa\nYT Mayotte 14Eastern Africa 202 Sub-Saharan Africa 2Africa\nMX Mexico 13Central America 419 Latin America and the Caribbean 19Americas\nFM Micronesia (Federated States of) 57Micronesia 9Oceania\nMC Monaco 155 Western Europe 150 Europe\nMN Mongolia 30Eastern Asia 142 Asia\nME Montenegro 39Southern Europe 150 Europe\nMS Montserrat 29Caribbean 419 Latin America and the Caribbean 19Americas\nMA Morocco 15Northern Africa 2Africa\nMZ Mozambique 14Eastern Africa 202 Sub-Saharan Africa 2Africa\nMM Myanmar 35South-eastern Asia 142 Asia\nNA Namibia 18Southern Africa 202 Sub-Saharan Africa 2Africa\nNR Nauru 57Micronesia 9Oceania\nNP Nepal 34Southern Asia 142 Asia\nNL Netherlands (Kingdom of the) 155 Western Europe 150 Europe\nNC New Caledonia 54Melanesia 9Oceania\nNZ New Zealand 53Australia and New Zealand 9Oceania\nNI Nicaragua 13Central America 419 Latin America and the Caribbean 19Americas\nNE Niger 11Western Africa 202 Sub-Saharan Africa 2Africa\nNG Nigeria 11Western Africa 202 Sub-Saharan Africa 2Africa\nNU Niue 61Polynesia 9Oceania\nNF Norfolk Island 53Australia and New Zealand 9Oceania\nMK North Macedonia 39Southern Europe 150 Europe\nMP Northern Mariana Islands 57Micronesia 9Oceania\nNO Norway 154 Northern Europe 150 Europe\nOM Oman 145 Western Asia 142 Asia\nPK Pakistan 34Southern Asia 142 Asia\nPW Palau 57Micronesia 9Oceania\nPA Panama 13Central America 419 Latin America and the Caribbean 19Americas\nPG Papua New Guinea 54Melanesia 9Oceania\nPY Paraguay 5South America 419 Latin America and the Caribbean 19Americas\nPE Peru 5South America 419 Latin America and the Caribbean 19Americas\nPH Philippines 35South-eastern Asia 142 Asia\nPN Pitcairn 61Polynesia 9Oceania\nPL Poland 151 Eastern Europe 150 Europe\nPT Portugal 39Southern Europe 150 Europe\nPR Puerto Rico 29Caribbean 419 Latin America and the Caribbean 19Americas\nQA Qatar 145 Western Asia 142 Asia\nKR Republic of Korea 30Eastern Asia 142 Asia\nMD Republic of Moldova 151 Eastern Europe 150 Europe\nRE Réunion 14Eastern Africa 202 Sub-Saharan Africa 2Africa\nRO Romania 151 Eastern Europe 150 Europe\nRU Russian Federation 151 Eastern Europe 150 Europe\nRW Rwanda 14Eastern Africa 202 Sub-Saharan Africa 2Africa\nBL Saint Barthélemy 29Caribbean 419 Latin America and the Caribbean 19Americas\nSH Saint Helena 11Western Africa 202 Sub-Saharan Africa 2Africa\nhttps://data.iom.int/codelist/country-regions.pdf\nUN(M49) Standard referred to as United Nations publication \"Standard Country or Area Codes for Statistical Use\". <https://unstats.un.org/unsd/methodology/m49/>\nISOCode2 CountryName M49Code M49 Level-3 Intermediate Region M49Code M49 Level-2 Sub-region M49Code M49 Level-1  RegionISO ALPHA-2 code COUNTRY (SHORT UN OFFICIAL NAME)\nLevel-3 Level-2UN Geographical Regions\nLevel-1\nKN Saint Kitts and Nevis 29Caribbean 419 Latin America and the Caribbean 19Americas\nLC Saint Lucia 29Caribbean 419 Latin America and the Caribbean 19Americas\nMF Saint Martin (French Part) 29Caribbean 419 Latin America and the Caribbean 19Americas\nPM Saint Pierre and Miquelon 21Northern America 19Americas\nVC Saint Vincent and the Grenadines 29Caribbean 419 Latin America and the Caribbean 19Americas\nWS Samoa 61Polynesia 9Oceania\nSM San Marino 39Southern Europe 150 Europe\nST Sao Tome and Principe 17Middle Africa 202 Sub-Saharan Africa 2Africa\nSA Saudi Arabia 145 Western Asia 142 Asia\nSN Senegal 11Western Africa 202 Sub-Saharan Africa 2Africa\nRS Serbia 39Southern Europe 150 Europe\nSC Seychelles 14Eastern Africa 202 Sub-Saharan Africa 2Africa\nSL Sierra Leone 11Western Africa 202 Sub-Saharan Africa 2Africa\nSG Singapore 35South-eastern Asia 142 Asia\nSX Sint Maarten (Dutch part) 29Caribbean 419 Latin America and the Caribbean 19Americas\nSK Slovakia 151 Eastern Europe 150 Europe\nSI Slovenia 39Southern Europe 150 Europe\nSB Solomon Islands 54Melanesia 9Oceania\nSO Somalia 14Eastern Africa 202 Sub-Saharan Africa 2Africa\nZA South Africa 18Southern Africa 202 Sub-Saharan Africa 2Africa\nGS South Georgia and the South Sandwich Islands 5South America 419 Latin America and the Caribbean 19Americas\nSS South Sudan 14Eastern Africa 202 Sub-Saharan Africa 2Africa\nES Spain 39Southern Europe 150 Europe\nLK Sri Lanka 34Southern Asia 142 Asia\nPS State of Palestine 145 Western Asia 142 Asia\nSD Sudan 15Northern Africa 2Africa\nSR Suriname 5South America 419 Latin America and the Caribbean 19Americas\nSJ Svalbard and Jan Mayen Islands 154 Northern Europe 150 Europe\nSE Sweden 154 Northern Europe 150 Europe\nCH Switzerland 155 Western Europe 150 Europe\nSY Syrian Arab Republic 145 Western Asia 142 Asia\nTJ Tajikistan 143 Central Asia 142 Asia\nTH Thailand 35South-eastern Asia 142 Asia\nTL Timor-Leste 35South-eastern Asia 142 Asia\nTG Togo 11Western Africa 202 Sub-Saharan Africa 2Africa\nTK Tokelau 61Polynesia 9Oceania\nTO Tonga 61Polynesia 9Oceania\nTT Trinidad and Tobago 29Caribbean 419 Latin America and the Caribbean 19Americas\nTN Tunisia 15Northern Africa 2Africa\nTR Türkiye 145 Western Asia 142 Asia\nTM Turkmenistan 143 Central Asia 142 Asia\nTC Turks and Caicos Islands 29Caribbean 419 Latin America and the Caribbean 19Americas\nTV Tuvalu 61Polynesia 9Oceania\nUG Uganda 14Eastern Africa 202 Sub-Saharan Africa 2Africa\nUA Ukraine 151 Eastern Europe 150 Europe\nAE United Arab Emirates 145 Western Asia 142 Asia\nGB United Kingdom of Great Britain and Northern Ireland 154 Northern Europe 150 Europe\nTZ United Republic of Tanzania 14Eastern Africa 202 Sub-Saharan Africa 2Africa\nUM United States Minor Outlying Islands 57Micronesia 9Oceania\nUS United States of America 21Northern America 19Americas\nVI United States Virgin Islands 29Caribbean 419 Latin America and the Caribbean 19Americas\nXK UNSC resolution 1244-administered Kosovo 39Southern Europe 150 Europe\nUY Uruguay 5South America 419 Latin America and the Caribbean 19Americas\nUZ Uzbekistan 143 Central Asia 142 Asia\nVU Vanuatu 54Melanesia 9Oceania\nVE Venezuela (Bolivarian Republic of) 5South America 419 Latin America and the Caribbean 19Americas\nVN Viet Nam 35South-eastern Asia 142 Asia\nWF Wallis and Futuna Islands 61Polynesia 9Oceania\nEH Western Sahara 15Northern Africa 2Africa\nYE Yemen 145 Western Asia 142 Asia\nZM Zambia 14Eastern Africa 202 Sub-Saharan Africa 2Africa\nZW Zimbabwe 14Eastern Africa 202 Sub-Saharan Africa 2Africa\nhttps://data.iom.int/codelist/country-regions.pdf\nUN(M49) Standard referred to as United Nations publication \"Standard Country or Area Codes for Statistical Use\". <https://unstats.un.org/unsd/methodology/m49/>", "fuente": "geografia_pdf", "metadata": {"filename": "country-regions.pdf", "source": "IOM / UN M49 country regions", "url": "https://data.iom.int/codelist/country-regions.pdf"}}
